gamma,k,total_pnl,sharpe,n_fills,avg_inventory,avg_rt_ticks
0.01,100.0,198603.558499992,282.8107739340792,6934,0.6679012345679012,1.544563022786247
0.01,300.0,-152869.45949997415,-84.82648220605817,21302,1.2367283950617285,0.11182048633931697
0.01,1000.0,-619927.8579999887,-476.95134522490247,28884,0.9160493827160494,-0.459631629968147
0.02,100.0,147199.7194999979,98.56757069569423,5310,0.3992283950617284,1.5077212806026097
0.02,300.0,-162916.9714999837,-47.310301036415744,18960,0.7291666666666666,0.055168776371316904
0.02,1000.0,-526456.3139999785,-522.0924862689291,27662,0.5682098765432099,-0.3623743764008354
0.03,100.0,128804.3119999955,86.8236649656214,4262,0.2992283950617284,1.6076959174096639
0.03,300.0,-152115.458500013,-100.01282040048793,16464,0.49722222222222223,0.029275996112728006
0.03,1000.0,-447768.9479999788,-242.97317509092258,25730,0.39274691358024694,-0.29724057520403496
0.05,100.0,77070.5124999953,71.39979255793554,2686,0.16157407407407406,1.546537602382669
0.05,300.0,-97736.71699999785,-50.74799841490267,11288,0.2777777777777778,0.052445074415310954
0.05,1000.0,-289887.2559999946,-420.121334504818,18444,0.22299382716049382,-0.22988505747126176
0.08,100.0,48065.4270000027,53.36267968711952,1468,0.07993827160493827,1.7084468664850707
0.08,300.0,-49294.72349999705,-40.06629555637836,6926,0.1398148148148148,0.11406295119838585
0.08,1000.0,-177384.60499998496,-306.3965513271127,11414,0.11728395061728394,-0.22288417732606683
0.12,100.0,26816.760499998112,57.94804143885563,876,0.0470679012345679,1.6232876712328215
0.12,300.0,-31632.424999999348,-44.73169777887755,4166,0.0734567901234568,0.09505520883341148
0.12,1000.0,-98421.57999999018,-208.09955899375888,6874,0.06404320987654322,-0.173988943846336
0.2,100.0,10021.302499998943,29.204298392475362,394,0.017746913580246913,1.4162436548222732
0.2,300.0,-17071.48750000028,-93.84509332991544,1948,0.03009259259259259,0.04825462012315356
0.2,1000.0,-48324.67749999522,-130.2683349651362,3478,0.0279320987654321,-0.15698677400801894
